{
  "title": "Aventura: O que o sangue esconde?",
  "description": "Uma aventura original do cenário de Aszor adaptada para dnd 5e. De 4 a 5 jogadores entre nível 5 e 6.",
  "version": "0.0.1",
  "authors": [
    {
      "name": "Jooana D'art",
      "flags": {}
    },
    {
      "name": "Jooana D'art",
      "flags": {}
    }
  ],
  "compatibility": {
    "minimum": "0.9",
    "verified": "10"
  },
  "packs": [
    {
      "name": "aventura-o-que-o-sangue-esconde",
      "label": "Aventura: O que o sangue esconde",
      "path": "packs/aventura-o-que-o-sangue-esconde.db",
      "type": "Adventure",
      "system": "dnd5e",
      "private": false,
      "flags": {}
    },
    {
      "name": "inimigos-o-que-o-sangue-esconde",
      "label": "Inimigos: O que o sangue esconde",
      "path": "packs/inimigos-o-que-o-sangue-esconde.db",
      "type": "Actor",
      "system": "dnd5e",
      "private": false,
      "flags": {}
    },

    {
      "name": "mapa-o-que-o-sangue-esconde",
      "label": "Mapa: O que o sangue esconde",
      "path": "packs/mapa-o-que-o-sangue-esconde.db",
      "type": "Scene",
      "system": "dnd5e",
      "private": false,
      "flags": {}
    },

    {
      "name": "notas-o-que-o-sangue-esconde",
      "label": "Notas: O que o sangue esconde",
      "path": "packs/notas-o-que-o-sangue-esconde.db",
      "type": "JournalEntry",
      "system": "dnd5e",
      "private": false,
      "flags": {}
    }

  ],
  "manifest": "https://github.com/aszordev/adventure-oqueosangueesconde/raw/main/module.json",
  "download": "https://github.com/aszordev/adventure-oqueosangueesconde/raw/main/aszor-adventure-o-que-o-sangue-esconde.zip",
  "id": "aszor-adventure-o-que-o-sangue-esconde"
}