{
  "title": "My Content Module",
  "description": "A collection of my content.",
  "version": "1.0.0",
  "authors": [
    {
      "name": "Me",
      "flags": {}
    }
  ],
  "compatibility": {
    "minimum": "0.8.6",
    "verified": "9"
  },
  "packs": [
    {
      "name": "module-creatures",
      "label": "Module Creatures",
      "path": "packs/creatures.db",
      "type": "Actor",
      "system": "dnd5e",
      "private": false,
      "flags": {}
    },
    {
      "name": "module-items",
      "label": "Module Items",
      "path": "packs/items.db",
      "type": "Item",
      "system": "dnd5e",
      "private": false,
      "flags": {}
    },
    {
      "name": "module-scenes",
      "label": "Module Scenes",
      "path": "packs/scenes.db",
      "type": "Scene",
      "private": false,
      "flags": {}
    },
    {
      "name": "module-journal-entries",
      "label": "Module Journal Entries",
      "path": "packs/journal-entries.db",
      "type": "JournalEntry",
      "private": false,
      "flags": {}
    },
    {
      "name": "module-macros",
      "label": "Module Macros",
      "path": "packs/macros.db",
      "type": "Macro",
      "private": false,
      "flags": {}
    },
    {
      "name": "module-roll-tables",
      "label": "Module Roll Tables",
      "path": "packs/roll-tables.db",
      "type": "RollTable",
      "private": false,
      "flags": {}
    },
    {
      "name": "module-playlists",
      "label": "Module Playlists",
      "path": "packs/playlists.db",
      "type": "Playlist",
      "private": false,
      "flags": {}
    }
  ],
  "manifest": "https://gitlab.com/encounterlibrary/my-content-module/-/raw/main/module.json",
  "download": "https://gitlab.com/encounterlibrary/my-content-module/-/raw/main/my-content-module.zip",
  "id": "my-content-module"
}